<?xml version="1.0" encoding="UTF-8"?>
<project-private xmlns="http://www.netbeans.org/ns/project-private/1">
    <editor-bookmarks xmlns="http://www.netbeans.org/ns/editor-bookmarks/2" lastBookmarkId="0"/>
    <open-files xmlns="http://www.netbeans.org/ns/projectui-open-files/2">
        <group>
            <file>file:/Z:/Electronique/MODULES%20INDIVIDUELS/RFM23BP/Codes/18F27J13_deep_sleep_IO_remote%20module/main.c</file>
            <file>file:/Z:/Electronique/MODULES%20INDIVIDUELS/RFM23BP/Codes/18F27J13_deep_sleep_IO_remote%20module/hardware.h</file>
            <file>file:/Z:/Electronique/MODULES%20INDIVIDUELS/RFM23BP/Codes/18F27J13_deep_sleep_IO_remote%20module/interrupts.c</file>
            <file>file:/Z:/Electronique/MODULES%20INDIVIDUELS/RFM23BP/Codes/18F27J13_deep_sleep_IO_remote%20module/extra.c</file>
            <file>file:/Z:/Electronique/MODULES%20INDIVIDUELS/RFM23BP/Codes/18F27J13_deep_sleep_IO_remote%20module/extra.h</file>
        </group>
    </open-files>
</project-private>
